{
    "camera_matrix": [
        [
            1569.2921055113816,
            0.0,
            262.5367477101963
        ],
        [
            0.0,
            1577.0266149466515,
            415.5186119139027
        ],
        [
            0.0,
            0.0,
            1.0
        ]
    ],
    "dist_coefficients": [
        [
            -0.06594501789453107,
            5.039213428000874,
            -0.0023972658399789596,
            0.008342120498134438,
            -41.26056082110149
        ]
    ]
}