{"M": [[-0.24031763061010472, 0.00199197562376644, 497.485952157542], [-0.000495834430990724, -0.11850442900678095, 228.08879660003893], [6.394782174564814e-06, 1.2314106025276438e-05, 1.0]], "maxWidth": 279, "maxHeight": 197}